id,first_name,last_name,email,gender
1,Graeme,Kirckman,gkirckman0@spiegel.de,Male
2,Cathrine,Houseley,chouseley1@skype.com,Female
3,Sutherlan,Lambillion,slambillion2@over-blog.com,Male
4,Sherman,Ferreira,sferreira3@oaic.gov.au,Male
5,Fletch,Muldownie,fmuldownie4@fema.gov,Male
6,Alair,Halkyard,ahalkyard5@sciencedirect.com,Male
7,Abagail,Wattins,awattins6@rediff.com,Female
8,Rickey,Madgewick,rmadgewick7@privacy.gov.au,Male
9,Minta,Mounsie,mmounsie8@cdbaby.com,Female
10,Woodman,Ilott,wilott9@over-blog.com,Male
11,Justus,Ugo,jugoa@slate.com,Male
12,Dimitri,Bedle,dbedleb@archive.org,Male
13,Barth,Clapston,bclapstonc@hexun.com,Male
14,Kimball,Trinke,ktrinked@berkeley.edu,Male
15,Maiga,Kingescot,mkingescote@about.me,Female
16,Adelbert,Newlin,anewlinf@washingtonpost.com,Male
17,Mia,Harker,mharkerg@pcworld.com,Female
18,Skelly,Bradberry,sbradberryh@reddit.com,Male
19,Vidovik,Bowmaker,vbowmakeri@economist.com,Male
20,Mozelle,Sandercroft,msandercroftj@nyu.edu,Female
21,Sebastiano,Tams,stamsk@linkedin.com,Male
22,Brenna,Mattis,bmattisl@vkontakte.ru,Female
23,Enrika,Glenwright,eglenwrightm@newsvine.com,Female
24,Clem,Foskett,cfoskettn@cornell.edu,Female
25,Briano,Curedale,bcuredaleo@hc360.com,Male
26,Montague,Aslum,maslump@ifeng.com,Male
27,Hewie,Gailor,hgailorq@patch.com,Male
28,Edie,Darley,edarleyr@google.ru,Female
29,Alon,Faire,afaires@mashable.com,Male
30,Patsy,Waszczyk,pwaszczykt@dyndns.org,Male
31,Maiga,Vesty,mvestyu@npr.org,Female
32,Madelle,Dimmack,mdimmackv@icq.com,Female
33,Maurise,Gaydon,mgaydonw@fema.gov,Male
34,Arleyne,Pennings,apenningsx@weibo.com,Female
35,Anica,Jiras,ajirasy@patch.com,Female
36,Llewellyn,Bocock,lbocockz@go.com,Male
37,Gardie,Kersting,gkersting10@nsw.gov.au,Male
38,Mitch,Armer,marmer11@bluehost.com,Male
39,Corey,Camelli,ccamelli12@yellowpages.com,Male
40,Calli,Waylett,cwaylett13@cafepress.com,Female
41,Corbet,Mccaull,cmccaull14@vimeo.com,Male
42,Tybie,Farady,tfarady15@ask.com,Female
43,Zaccaria,Poltone,zpoltone16@nih.gov,Male
44,Yevette,Feakins,yfeakins17@ustream.tv,Female
45,Clayborn,Hartford,chartford18@instagram.com,Male
46,Saw,Fellman,sfellman19@surveymonkey.com,Male
47,Nataniel,McCard,nmccard1a@cargocollective.com,Male
48,Dante,Worlidge,dworlidge1b@elpais.com,Male
49,Noreen,Loftin,nloftin1c@multiply.com,Female
50,Horst,Leeson,hleeson1d@histats.com,Male
51,Ardys,Hallt,ahallt1e@bluehost.com,Female
52,Alexis,Phibb,aphibb1f@walmart.com,Male
53,Howard,Janicek,hjanicek1g@fema.gov,Male
54,Anabal,Scrymgeour,ascrymgeour1h@weebly.com,Female
55,Gearalt,Bagster,gbagster1i@google.co.jp,Male
56,Hermann,Runham,hrunham1j@about.com,Male
57,Karrie,Sieb,ksieb1k@ucla.edu,Female
58,Flossie,Dinsey,fdinsey1l@plala.or.jp,Female
59,Urbano,O'Gormally,uogormally1m@weather.com,Male
60,Bear,Rocco,brocco1n@hao123.com,Male
61,Gnni,Tschursch,gtschursch1o@vimeo.com,Female
62,Iain,Pieracci,ipieracci1p@google.com,Male
63,Brigham,Elphinstone,belphinstone1q@sciencedirect.com,Male
64,Sauncho,Braitling,sbraitling1r@nyu.edu,Male
65,Grethel,Handling,ghandling1s@webeden.co.uk,Female
66,Alfreda,Robbings,arobbings1t@boston.com,Female
67,Gray,Bennis,gbennis1u@w3.org,Male
68,Jyoti,Martill,jmartill1v@examiner.com,Female
69,Gusella,Sheffield,gsheffield1w@parallels.com,Female
70,Car,Di Giorgio,cdigiorgio1x@geocities.com,Male
71,Symon,Chazotte,schazotte1y@youtu.be,Male
72,Jobey,Gerring,jgerring1z@bravesites.com,Female
73,Hersch,Heighway,hheighway20@blogger.com,Male
74,Glen,Feaveryear,gfeaveryear21@amazonaws.com,Male
75,Joshia,Filippyev,jfilippyev22@accuweather.com,Male
76,Valina,Channing,vchanning23@patch.com,Female
77,Adelaida,Towne,atowne24@washington.edu,Female
78,Cyndie,Skivington,cskivington25@ucla.edu,Female
79,Job,Ellesmere,jellesmere26@toplist.cz,Male
80,Melantha,Karel,mkarel27@cpanel.net,Female
81,Ernest,Esler,eesler28@uol.com.br,Male
82,Barrie,Stodhart,bstodhart29@fastcompany.com,Female
83,Stanislaus,Sibyllina,ssibyllina2a@berkeley.edu,Male
84,Neile,Sponer,nsponer2b@apple.com,Female
85,Brnaby,Clempton,bclempton2c@paypal.com,Male
86,Seka,Medford,smedford2d@sphinn.com,Female
87,Fletcher,Darwin,fdarwin2e@linkedin.com,Male
88,Norma,Marian,nmarian2f@columbia.edu,Female
89,Dosi,Coppeard,dcoppeard2g@1688.com,Female
90,Ed,Elwood,eelwood2h@sciencedirect.com,Male
91,Ugo,Twinning,utwinning2i@bizjournals.com,Male
92,Meridel,Mallion,mmallion2j@sitemeter.com,Female
93,Syman,Larimer,slarimer2k@tamu.edu,Male
94,Kendre,Spiers,kspiers2l@dion.ne.jp,Female
95,Elna,Chiese,echiese2m@friendfeed.com,Female
96,Vanya,Brockington,vbrockington2n@google.fr,Female
97,Mackenzie,Simnel,msimnel2o@independent.co.uk,Male
98,Hamel,Sharplin,hsharplin2p@amazon.com,Male
99,Catlin,Boote,cboote2q@facebook.com,Female
100,Jack,Vina,jvina2r@elpais.com,Male
101,Artur,Dommett,adommett2s@drupal.org,Male
102,Schuyler,Radloff,sradloff2t@ftc.gov,Male
103,Curt,Howe,chowe2u@elpais.com,Male
104,Lesya,Strover,lstrover2v@nyu.edu,Female
105,Miquela,McTurlough,mmcturlough2w@twitter.com,Female
106,Giselbert,Bosward,gbosward2x@opera.com,Male
107,Wylie,Walklate,wwalklate2y@phoca.cz,Male
108,Laryssa,Bartali,lbartali2z@cmu.edu,Female
109,Idaline,Boc,iboc30@shop-pro.jp,Female
110,Cosme,Kinneir,ckinneir31@amazon.com,Male
111,Clarisse,Slade,cslade32@unc.edu,Female
112,Nathalie,Droghan,ndroghan33@wsj.com,Female
113,Lesley,Charrier,lcharrier34@addthis.com,Female
114,Daloris,Luto,dluto35@theatlantic.com,Female
115,Penny,Eastope,peastope36@goo.ne.jp,Female
116,Artemas,Bischop,abischop37@a8.net,Male
117,Clarke,Dubarry,cdubarry38@marriott.com,Male
118,Wolf,Tunnick,wtunnick39@bluehost.com,Male
119,Georgeta,Geerling,ggeerling3a@nature.com,Female
120,Lennard,Lynch,llynch3b@ameblo.jp,Male
121,Mattias,Linay,mlinay3c@1und1.de,Male
122,Alessandro,Moxted,amoxted3d@prweb.com,Male
123,Brod,Bason,bbason3e@lycos.com,Male
124,Nathalie,O'Curran,nocurran3f@archive.org,Female
125,Ambrose,Larvor,alarvor3g@ted.com,Male
126,Nahum,Winchcomb,nwinchcomb3h@reference.com,Male
127,Thorsten,Ibell,tibell3i@ning.com,Male
128,Donal,Bleyman,dbleyman3j@pbs.org,Male
129,Saloma,McGhie,smcghie3k@nih.gov,Female
130,Ellie,MacCaughen,emaccaughen3l@deviantart.com,Female
131,Melicent,Willoughby,mwilloughby3m@yelp.com,Female
132,Deina,Speek,dspeek3n@ucsd.edu,Female
133,Herc,Elderbrant,helderbrant3o@biblegateway.com,Male
134,Patin,Porte,pporte3p@ocn.ne.jp,Male
135,Garwin,Oven,goven3q@hao123.com,Male
136,Blakeley,McAusland,bmcausland3r@intel.com,Female
137,Carolan,Briggdale,cbriggdale3s@accuweather.com,Female
138,Peggi,McGilben,pmcgilben3t@yandex.ru,Female
139,Chrissy,Figge,cfigge3u@parallels.com,Female
140,Kayle,Albers,kalbers3v@linkedin.com,Female
141,Clarisse,Vitler,cvitler3w@noaa.gov,Female
142,Morty,Derges,mderges3x@list-manage.com,Male
143,Estevan,Perutto,eperutto3y@feedburner.com,Male
144,Trip,Rosendahl,trosendahl3z@bloglines.com,Male
145,Jenifer,Dunckley,jdunckley40@google.cn,Female
146,Clarita,Hatchard,chatchard41@spiegel.de,Female
147,Israel,Hinrich,ihinrich42@samsung.com,Male
148,Libby,Thow,lthow43@sphinn.com,Female
149,Emelita,Wandrach,ewandrach44@is.gd,Female
150,Eachelle,Border,eborder45@tmall.com,Female
151,Malchy,Cunniff,mcunniff46@skyrock.com,Male
152,Berkeley,Baunton,bbaunton47@simplemachines.org,Male
153,Vivie,Leger,vleger48@creativecommons.org,Female
154,Faye,Yakebovich,fyakebovich49@washington.edu,Female
155,Rozalie,Laker,rlaker4a@yolasite.com,Female
156,Karrah,Wonfar,kwonfar4b@a8.net,Female
157,Howey,Cocci,hcocci4c@redcross.org,Male
158,Cord,Maher,cmaher4d@sfgate.com,Male
159,Eloisa,Dobbison,edobbison4e@jalbum.net,Female
160,Kendrick,Santino,ksantino4f@quantcast.com,Male
161,Ferris,Warde,fwarde4g@kickstarter.com,Male
162,Coral,Hearns,chearns4h@unicef.org,Female
163,Hamlen,Dearl,hdearl4i@miibeian.gov.cn,Male
164,Stefano,Spilsted,sspilsted4j@patch.com,Male
165,Adamo,Dobbyn,adobbyn4k@geocities.com,Male
166,Aland,Axup,aaxup4l@istockphoto.com,Male
167,Gerald,Fortman,gfortman4m@sun.com,Male
168,Barb,Cordova,bcordova4n@opensource.org,Female
169,Pavia,Dimitriou,pdimitriou4o@businessweek.com,Female
170,Lula,Pickavant,lpickavant4p@altervista.org,Female
171,Rosaline,Spadollini,rspadollini4q@npr.org,Female
172,Cletus,Berresford,cberresford4r@senate.gov,Male
173,Cheslie,Ferguson,cferguson4s@cdbaby.com,Female
174,Prinz,Rabley,prabley4t@cam.ac.uk,Male
175,Augustine,Ricard,aricard4u@nydailynews.com,Female
176,Hubey,While,hwhile4v@dyndns.org,Male
177,Cass,Admans,cadmans4w@reddit.com,Male
178,Lindy,Futter,lfutter4x@admin.ch,Male
179,Eleonore,Risen,erisen4y@e-recht24.de,Female
180,Alon,Boldt,aboldt4z@plala.or.jp,Male
181,Richie,Starbucke,rstarbucke50@mozilla.com,Male
182,Britt,Sier,bsier51@ezinearticles.com,Female
183,Winna,Motton,wmotton52@usatoday.com,Female
184,Julianne,Lippett,jlippett53@icq.com,Female
185,Kimbell,Shottin,kshottin54@lycos.com,Male
186,Verge,Putten,vputten55@hubpages.com,Male
187,Maressa,McCool,mmccool56@cloudflare.com,Female
188,Rockwell,Claremont,rclaremont57@ask.com,Male
189,Pammy,Pentony,ppentony58@moonfruit.com,Female
190,Lodovico,Pennicard,lpennicard59@icq.com,Male
191,Hillary,Chantillon,hchantillon5a@soundcloud.com,Female
192,Mendie,Schild,mschild5b@addtoany.com,Male
193,Freedman,Biddlecombe,fbiddlecombe5c@samsung.com,Male
194,Hillary,De Blasiis,hdeblasiis5d@wufoo.com,Male
195,Hayden,Stratford,hstratford5e@auda.org.au,Male
196,Stern,Toope,stoope5f@kickstarter.com,Male
197,Alexei,Fishly,afishly5g@cafepress.com,Male
198,Carling,Strainge,cstrainge5h@un.org,Male
199,Traver,Fairtlough,tfairtlough5i@wunderground.com,Male
200,Rolfe,Kiddy,rkiddy5j@miibeian.gov.cn,Male
201,Udall,Meneyer,umeneyer5k@latimes.com,Male
202,Fallon,Owbrick,fowbrick5l@huffingtonpost.com,Female
203,Caspar,Andrysek,candrysek5m@sciencedaily.com,Male
204,Nina,Liversage,nliversage5n@constantcontact.com,Female
205,Meggie,Dorrance,mdorrance5o@angelfire.com,Female
206,Verene,Cerith,vcerith5p@last.fm,Female
207,Gwenny,Murtimer,gmurtimer5q@harvard.edu,Female
208,Jordan,Dougherty,jdougherty5r@ezinearticles.com,Female
209,Wylie,Murrison,wmurrison5s@wisc.edu,Male
210,Wyatt,Froud,wfroud5t@blogger.com,Male
211,Emmaline,Schafer,eschafer5u@thetimes.co.uk,Female
212,Bliss,Kendal,bkendal5v@hugedomains.com,Female
213,Rosanne,Softley,rsoftley5w@mit.edu,Female
214,Elyse,Piddocke,epiddocke5x@va.gov,Female
215,Bunny,Aldridge,baldridge5y@baidu.com,Female
216,Renaldo,Haithwaite,rhaithwaite5z@facebook.com,Male
217,Arabelle,Canto,acanto60@msu.edu,Female
218,Darsey,Fley,dfley61@is.gd,Female
219,Niel,Sline,nsline62@usda.gov,Male
220,Sheppard,Forst,sforst63@discuz.net,Male
221,Brocky,Vannacci,bvannacci64@nyu.edu,Male
222,Zachery,Middlewick,zmiddlewick65@alibaba.com,Male
223,Vanessa,D'Angeli,vdangeli66@netlog.com,Female
224,Elly,Caldecot,ecaldecot67@stumbleupon.com,Female
225,Zabrina,Topping,ztopping68@usda.gov,Female
226,Giordano,Stroulger,gstroulger69@geocities.jp,Male
227,Kristoffer,Leary,kleary6a@intel.com,Male
228,Otto,Anshell,oanshell6b@dropbox.com,Male
229,Agnes,Tallman,atallman6c@slate.com,Female
230,Hadley,Pridden,hpridden6d@chronoengine.com,Male
231,Urban,Ferraron,uferraron6e@house.gov,Male
232,Mignonne,Luisetti,mluisetti6f@digg.com,Female
233,Levy,Olifaunt,lolifaunt6g@linkedin.com,Male
234,Gran,Foulsham,gfoulsham6h@google.co.uk,Male
235,Filmer,Hattrick,fhattrick6i@abc.net.au,Male
236,Selma,Ludl,sludl6j@t-online.de,Female
237,Elston,Hauxby,ehauxby6k@behance.net,Male
238,Toinette,Van Der Weedenburg,tvanderweedenburg6l@themeforest.net,Female
239,Mohammed,Mariault,mmariault6m@mozilla.com,Male
240,Jonie,Sleicht,jsleicht6n@nature.com,Female
241,Edy,Cattel,ecattel6o@ft.com,Female
242,Sergeant,Crumpton,scrumpton6p@myspace.com,Male
243,Gino,Collick,gcollick6q@wikia.com,Male
244,Tandi,Harsant,tharsant6r@sohu.com,Female
245,Ruperto,Winfrey,rwinfrey6s@hc360.com,Male
246,Obediah,Quarmby,oquarmby6t@state.gov,Male
247,Niles,Sutherby,nsutherby6u@phpbb.com,Male
248,Micheal,Siddall,msiddall6v@blogtalkradio.com,Male
249,Danya,Minot,dminot6w@themeforest.net,Male
250,Joellen,Doumerc,jdoumerc6x@cmu.edu,Female
251,Fanchon,Vanelli,fvanelli6y@phpbb.com,Female
252,Winn,Bartul,wbartul6z@diigo.com,Male
253,Ulises,Quinn,uquinn70@jigsy.com,Male
254,Linet,Issacof,lissacof71@buzzfeed.com,Female
255,Cathleen,Petroselli,cpetroselli72@chron.com,Female
256,Candida,Bank,cbank73@sphinn.com,Female
257,Florance,Coates,fcoates74@unicef.org,Female
258,Shaun,Dametti,sdametti75@blog.com,Male
259,Aldon,Gierok,agierok76@sakura.ne.jp,Male
260,Emanuel,Perren,eperren77@dailymail.co.uk,Male
261,Denney,Claxton,dclaxton78@npr.org,Male
262,Gasparo,Faichney,gfaichney79@answers.com,Male
263,Silvanus,Betteriss,sbetteriss7a@chronoengine.com,Male
264,Ossie,Keaton,okeaton7b@craigslist.org,Male
265,Maggee,Rodman,mrodman7c@clickbank.net,Female
266,Gwendolen,Insworth,ginsworth7d@gov.uk,Female
267,Brian,Wallworke,bwallworke7e@foxnews.com,Male
268,Antonina,Hayhurst,ahayhurst7f@cafepress.com,Female
269,Hollis,Ties,hties7g@meetup.com,Male
270,Claybourne,Iglesia,ciglesia7h@ocn.ne.jp,Male
271,Alasteir,Tewes,atewes7i@wordpress.com,Male
272,Denyse,Odby,dodby7j@surveymonkey.com,Female
273,Alasteir,Hulle,ahulle7k@ebay.com,Male
274,Vickie,Barriball,vbarriball7l@163.com,Female
275,Roxy,Iashvili,riashvili7m@census.gov,Female
276,Maryellen,Cowgill,mcowgill7n@gravatar.com,Female
277,Josiah,Simakov,jsimakov7o@bizjournals.com,Male
278,Margaux,Claxson,mclaxson7p@noaa.gov,Female
279,Larry,Lockton,llockton7q@facebook.com,Male
280,Park,Fairbairn,pfairbairn7r@g.co,Male
281,Burgess,Cottier,bcottier7s@biglobe.ne.jp,Male
282,Fina,Mitchelmore,fmitchelmore7t@live.com,Female
283,Pat,Covely,pcovely7u@samsung.com,Male
284,Harald,Scone,hscone7v@gravatar.com,Male
285,Shaun,Deener,sdeener7w@wsj.com,Male
286,Nicoli,Kleinhaut,nkleinhaut7x@gnu.org,Female
287,Nels,McElhargy,nmcelhargy7y@netvibes.com,Male
288,Dorelle,Stemp,dstemp7z@unc.edu,Female
289,Barbe,Belone,bbelone80@creativecommons.org,Female
290,Arline,McKenzie,amckenzie81@ameblo.jp,Female
291,Andreana,Dobbinson,adobbinson82@nifty.com,Female
292,Cyrus,Vellden,cvellden83@google.com.hk,Male
293,Myron,Maltby,mmaltby84@jiathis.com,Male
294,Alwin,Olivera,aolivera85@marriott.com,Male
295,Tybalt,Cloute,tcloute86@skyrock.com,Male
296,Griffy,Honniebal,ghonniebal87@vimeo.com,Male
297,Nobie,Jaskowicz,njaskowicz88@ezinearticles.com,Male
298,Zandra,Smee,zsmee89@sbwire.com,Female
299,Gian,Duffitt,gduffitt8a@t-online.de,Male
300,Kenny,Krollman,kkrollman8b@merriam-webster.com,Male
301,Augy,Sullivan,asullivan8c@census.gov,Male
302,Nicol,Spira,nspira8d@stumbleupon.com,Male
303,Jarid,Rickeard,jrickeard8e@indiatimes.com,Male
304,Lloyd,Mussettini,lmussettini8f@ftc.gov,Male
305,Torin,Lots,tlots8g@histats.com,Male
306,Kathe,Maymand,kmaymand8h@msu.edu,Female
307,Ulla,Drury,udrury8i@prlog.org,Female
308,Kippy,Ganderton,kganderton8j@parallels.com,Female
309,Sherie,Ord,sord8k@reuters.com,Female
310,Federico,Althrope,falthrope8l@uiuc.edu,Male
311,Blondie,Copsey,bcopsey8m@state.gov,Female
312,Jerald,Plampin,jplampin8n@alexa.com,Male
313,Samantha,Stansell,sstansell8o@themeforest.net,Female
314,Rochester,Jodlowski,rjodlowski8p@intel.com,Male
315,Osborn,Goodie,ogoodie8q@yahoo.co.jp,Male
316,Maynord,Flook,mflook8r@arizona.edu,Male
317,Brandice,Dansie,bdansie8s@engadget.com,Female
318,Elnore,Derobert,ederobert8t@nhs.uk,Female
319,Gothart,Earwicker,gearwicker8u@wikia.com,Male
320,Raffaello,McEwan,rmcewan8v@marriott.com,Male
321,Nickolas,Sanches,nsanches8w@yellowpages.com,Male
322,Benji,Adelman,badelman8x@bbc.co.uk,Male
323,Whitney,Norewood,wnorewood8y@chronoengine.com,Female
324,Ronnie,Moryson,rmoryson8z@rediff.com,Female
325,Jill,Killick,jkillick90@wordpress.com,Female
326,Amory,Klammt,aklammt91@smugmug.com,Male
327,Erina,De Ath,edeath92@blogger.com,Female
328,Clayborne,Van Geffen,cvangeffen93@google.co.jp,Male
329,Edita,Sharvill,esharvill94@blog.com,Female
330,Barney,Coorington,bcoorington95@ow.ly,Male
331,Morris,Presnail,mpresnail96@ifeng.com,Male
332,Sianna,Kingsman,skingsman97@yolasite.com,Female
333,Siward,Hobben,shobben98@prlog.org,Male
334,Andy,Pettit,apettit99@w3.org,Female
335,Hannah,Tourne,htourne9a@lulu.com,Female
336,Bridget,Hurworth,bhurworth9b@omniture.com,Female
337,Zed,Avrahamian,zavrahamian9c@example.com,Male
338,Zollie,Boud,zboud9d@trellian.com,Male
339,Marjy,Aspole,maspole9e@blogtalkradio.com,Female
340,Flin,Renault,frenault9f@about.com,Male
341,Bartholomew,Wallwood,bwallwood9g@github.com,Male
342,Dynah,Horley,dhorley9h@flavors.me,Female
343,Kaylee,Bergin,kbergin9i@wunderground.com,Female
344,Gaby,Chessman,gchessman9j@hibu.com,Female
345,Lauralee,Clemence,lclemence9k@cloudflare.com,Female
346,Henryetta,Bartoletti,hbartoletti9l@feedburner.com,Female
347,Charley,Dannel,cdannel9m@livejournal.com,Male
348,Orlan,Gare,ogare9n@posterous.com,Male
349,Kalinda,Dagleas,kdagleas9o@microsoft.com,Female
350,Stanfield,Hounson,shounson9p@disqus.com,Male
351,Had,Cadell,hcadell9q@list-manage.com,Male
352,Cordelie,Ferie,cferie9r@hc360.com,Female
353,Dareen,Downham,ddownham9s@histats.com,Female
354,Karyn,Skehan,kskehan9t@fastcompany.com,Female
355,Merill,Duckhouse,mduckhouse9u@accuweather.com,Male
356,Rosa,Breacher,rbreacher9v@xrea.com,Female
357,Marcelo,Cossans,mcossans9w@feedburner.com,Male
358,Mason,Gennrich,mgennrich9x@sohu.com,Male
359,Maisie,Tottie,mtottie9y@mit.edu,Female
360,Chev,McQuarter,cmcquarter9z@usa.gov,Male
361,Alexio,Mace,amacea0@microsoft.com,Male
362,Hugibert,Westraw,hwestrawa1@soup.io,Male
363,Brandtr,Toffolo,btoffoloa2@bizjournals.com,Male
364,Amble,Dalzell,adalzella3@salon.com,Male
365,Meta,Mateos,mmateosa4@bluehost.com,Female
366,Collin,Stare,cstarea5@tiny.cc,Male
367,Kayla,Sember,ksembera6@deliciousdays.com,Female
368,Esteban,Asplen,easplena7@1und1.de,Male
369,Duncan,Empleton,dempletona8@bbc.co.uk,Male
370,Perice,Stave,pstavea9@cdc.gov,Male
371,Odey,Badcock,obadcockaa@prnewswire.com,Male
372,Reese,Fish,rfishab@1und1.de,Male
373,Sheelah,Albert,salbertac@over-blog.com,Female
374,Arlette,Bartlomiej,abartlomiejad@123-reg.co.uk,Female
375,Montgomery,Jonsson,mjonssonae@sun.com,Male
376,Abie,Handscombe,ahandscombeaf@qq.com,Male
377,Jarrett,Boutell,jboutellag@unc.edu,Male
378,Davis,Gwilym,dgwilymah@ca.gov,Male
379,Erich,Moir,emoirai@techcrunch.com,Male
380,Charmion,Richardot,crichardotaj@vkontakte.ru,Female
381,Juliette,Downe,jdowneak@tripod.com,Female
382,Joaquin,Cobden,jcobdenal@yale.edu,Male
383,Hyacinth,Manneville,hmannevilleam@twitpic.com,Female
384,Querida,Krolik,qkrolikan@i2i.jp,Female
385,Orbadiah,Gitting,ogittingao@cornell.edu,Male
386,Thorstein,Beininck,tbeininckap@simplemachines.org,Male
387,Winslow,Mollatt,wmollattaq@hao123.com,Male
388,Jandy,Wippermann,jwippermannar@umich.edu,Female
389,Lise,Dalgety,ldalgetyas@mapy.cz,Female
390,Tamara,Bridell,tbridellat@sitemeter.com,Female
391,Lek,Caig,lcaigau@google.com.hk,Male
392,Dory,Benettelli,dbenettelliav@e-recht24.de,Female
393,Conn,Naughton,cnaughtonaw@t.co,Male
394,Roxie,Rowena,rrowenaax@dailymail.co.uk,Female
395,Willey,Juares,wjuaresay@diigo.com,Male
396,Freemon,Gavahan,fgavahanaz@prlog.org,Male
397,Batholomew,Putton,bputtonb0@nasa.gov,Male
398,Jecho,Shortcliffe,jshortcliffeb1@nhs.uk,Male
399,Maighdiln,Tulk,mtulkb2@fda.gov,Female
400,Aldous,Pattle,apattleb3@pen.io,Male
401,Lois,Fairney,lfairneyb4@networksolutions.com,Female
402,Jase,Sussems,jsussemsb5@whitehouse.gov,Male
403,Gustavo,Killock,gkillockb6@tinypic.com,Male
404,Malinda,Carthew,mcarthewb7@google.fr,Female
405,Cheston,Georgi,cgeorgib8@comsenz.com,Male
406,Dene,Di Iorio,ddiioriob9@example.com,Male
407,Currey,Carbonell,ccarbonellba@dedecms.com,Male
408,Lawrence,Malcolmson,lmalcolmsonbb@icq.com,Male
409,Angeli,Sandison,asandisonbc@cdbaby.com,Male
410,Chicky,Archibald,carchibaldbd@epa.gov,Male
411,Annetta,Adne,aadnebe@biglobe.ne.jp,Female
412,Kate,Volcker,kvolckerbf@statcounter.com,Female
413,Moise,Aulds,mauldsbg@reddit.com,Male
414,Dionis,Rainer,drainerbh@patch.com,Female
415,Ag,Scattergood,ascattergoodbi@unesco.org,Female
416,Kevyn,Cheshir,kcheshirbj@merriam-webster.com,Female
417,Jedidiah,Bonsall,jbonsallbk@parallels.com,Male
418,Maurie,Gregine,mgreginebl@123-reg.co.uk,Male
419,Ogdon,Garrique,ogarriquebm@acquirethisname.com,Male
420,Chuck,McLewd,cmclewdbn@geocities.com,Male
421,Olag,Tennock,otennockbo@plala.or.jp,Male
422,Ignacius,Vanyukhin,ivanyukhinbp@china.com.cn,Male
423,Phillipp,Piechnik,ppiechnikbq@people.com.cn,Male
424,Gerty,Shemming,gshemmingbr@aboutads.info,Female
425,Rudy,Dubock,rdubockbs@marketwatch.com,Male
426,Briano,Lufkin,blufkinbt@naver.com,Male
427,Pierre,Leidecker,pleideckerbu@wix.com,Male
428,Wright,O'Codihie,wocodihiebv@i2i.jp,Male
429,Adrian,Yarrall,ayarrallbw@1688.com,Male
430,Dody,Brehat,dbrehatbx@fc2.com,Female
431,Aridatha,Minnock,aminnockby@umich.edu,Female
432,Adele,Worsalls,aworsallsbz@reverbnation.com,Female
433,Godard,Leppingwell,gleppingwellc0@walmart.com,Male
434,Forest,Basezzi,fbasezzic1@istockphoto.com,Male
435,Virge,Stanfield,vstanfieldc2@unesco.org,Male
436,Halimeda,Girardin,hgirardinc3@icq.com,Female
437,Padgett,Haycraft,phaycraftc4@over-blog.com,Male
438,Romain,Allerton,rallertonc5@woothemes.com,Male
439,Rosamond,Mertsching,rmertschingc6@wired.com,Female
440,Gustav,Gath,ggathc7@google.fr,Male
441,Angus,Boss,abossc8@imdb.com,Male
442,Nance,Farris,nfarrisc9@bloglines.com,Female
443,Aida,Magnay,amagnayca@nyu.edu,Female
444,Caryn,Barbara,cbarbaracb@admin.ch,Female
445,Farley,Frood,ffroodcc@salon.com,Male
446,Katey,Passby,kpassbycd@jalbum.net,Female
447,Steven,Woodburn,swoodburnce@mail.ru,Male
448,Jacquelyn,Grimmett,jgrimmettcf@com.com,Female
449,Virginia,Bahlmann,vbahlmanncg@baidu.com,Female
450,Katrina,Callis,kcallisch@vistaprint.com,Female
451,Amalea,Jorez,ajorezci@upenn.edu,Female
452,Lindie,Korneichuk,lkorneichukcj@usda.gov,Female
453,Yelena,Dalwood,ydalwoodck@mail.ru,Female
454,Pia,McKay,pmckaycl@parallels.com,Female
455,Lavinia,Galway,lgalwaycm@youtu.be,Female
456,Lizzy,Tschiersch,ltschierschcn@google.com,Female
457,Jodi,Plimmer,jplimmerco@fotki.com,Female
458,Quincy,Whiles,qwhilescp@gravatar.com,Male
459,Kimble,Willder,kwilldercq@aboutads.info,Male
460,Amalia,Ladd,aladdcr@prlog.org,Female
461,Gard,Culpin,gculpincs@imdb.com,Male
462,Addy,Kealy,akealyct@patch.com,Male
463,Mirabelle,Choupin,mchoupincu@youtu.be,Female
464,Lucias,Bailes,lbailescv@ebay.co.uk,Male
465,Cirillo,Cornock,ccornockcw@newsvine.com,Male
466,Angelina,Diable,adiablecx@sitemeter.com,Female
467,Dilly,Dubois,dduboiscy@ycombinator.com,Male
468,Mari,McClune,mmcclunecz@cloudflare.com,Female
469,Keri,Marion,kmariond0@weather.com,Female
470,Drugi,Eddowis,deddowisd1@ucoz.ru,Male
471,Dore,Northway,dnorthwayd2@scientificamerican.com,Male
472,Darcie,Waldock,dwaldockd3@wisc.edu,Female
473,Addy,Ingham,ainghamd4@discuz.net,Male
474,Beverly,Hamlington,bhamlingtond5@yandex.ru,Female
475,Abdul,Sorrell,asorrelld6@amazon.co.uk,Male
476,Madel,Bilbee,mbilbeed7@google.it,Female
477,Sidonia,Arondel,sarondeld8@aol.com,Female
478,Tymon,Woodrooffe,twoodrooffed9@storify.com,Male
479,Mohandis,Agg,maggda@cbc.ca,Male
480,Caren,Paulusch,cpauluschdb@simplemachines.org,Female
481,Saree,Bockings,sbockingsdc@storify.com,Female
482,Eward,Beagley,ebeagleydd@arizona.edu,Male
483,Trueman,Pavy,tpavyde@liveinternet.ru,Male
484,Kaine,Mingus,kmingusdf@instagram.com,Male
485,Seamus,Billing,sbillingdg@gov.uk,Male
486,Saba,Moir,smoirdh@ow.ly,Female
487,Aretha,Kowal,akowaldi@google.com.hk,Female
488,Miranda,Barnhart,mbarnhartdj@theglobeandmail.com,Female
489,Myrna,Spick,mspickdk@woothemes.com,Female
490,Elnore,Bauman,ebaumandl@vkontakte.ru,Female
491,Mayne,Wanley,mwanleydm@forbes.com,Male
492,Garek,Minghi,gminghidn@hubpages.com,Male
493,Julieta,Doncaster,jdoncasterdo@cafepress.com,Female
494,Linn,McCague,lmccaguedp@technorati.com,Female
495,Misha,Millins,mmillinsdq@wikimedia.org,Female
496,Noel,Paver,npaverdr@house.gov,Female
497,Augustine,Tenaunt,atenauntds@merriam-webster.com,Male
498,Barris,Rudgley,brudgleydt@fda.gov,Male
499,Mike,Goligly,mgoliglydu@jiathis.com,Male
500,Carlie,Galia,cgaliadv@eepurl.com,Male
501,Nert,Khomin,nkhomindw@ameblo.jp,Female
502,Anatol,Tremontana,atremontanadx@discuz.net,Male
503,Filia,Smitherham,fsmitherhamdy@bloomberg.com,Female
504,Theo,Elderbrant,telderbrantdz@who.int,Male
505,Glen,Charity,gcharitye0@newyorker.com,Male
506,Zandra,Koppeck,zkoppecke1@stanford.edu,Female
507,Elenore,Di Giorgio,edigiorgioe2@dagondesign.com,Female
508,Thalia,Mozzini,tmozzinie3@nih.gov,Female
509,Ulrikaumeko,Aldam,ualdame4@ocn.ne.jp,Female
510,Guendolen,Shrive,gshrivee5@huffingtonpost.com,Female
511,Alisa,Cuardall,acuardalle6@plala.or.jp,Female
512,Carmita,Gravells,cgravellse7@amazon.de,Female
513,Alidia,Worsall,aworsalle8@huffingtonpost.com,Female
514,Alberta,Phillip,aphillipe9@yahoo.co.jp,Female
515,Kassi,Bartke,kbartkeea@tripadvisor.com,Female
516,Buckie,Bourley,bbourleyeb@jiathis.com,Male
517,Blake,D'Errico,bderricoec@jalbum.net,Male
518,Beitris,Orrick,borricked@imdb.com,Female
519,Fayth,Shoebrook,fshoebrookee@bloglovin.com,Female
520,Coletta,Vasovic,cvasovicef@qq.com,Female
521,Danica,Brigge,dbriggeeg@hostgator.com,Female
522,Gus,Gerhardt,ggerhardteh@etsy.com,Male
523,Cass,Scotford,cscotfordei@wordpress.com,Male
524,Caz,Kieff,ckieffej@fema.gov,Male
525,Bastian,Reisk,breiskek@alibaba.com,Male
526,Land,Arnke,larnkeel@zimbio.com,Male
527,Ronica,Swidenbank,rswidenbankem@bloomberg.com,Female
528,Eldredge,Caulcutt,ecaulcutten@cdbaby.com,Male
529,Harman,Nolot,hnoloteo@irs.gov,Male
530,Wendel,Scrammage,wscrammageep@java.com,Male
531,Cordelie,Crammy,ccrammyeq@godaddy.com,Female
532,Trixie,Shoemark,tshoemarker@unc.edu,Female
533,Barn,Gabbott,bgabbottes@telegraph.co.uk,Male
534,Farris,Stratiff,fstratiffet@latimes.com,Male
535,Sharyl,Rippingall,srippingalleu@msu.edu,Female
536,Em,Walthall,ewalthallev@gizmodo.com,Male
537,Allyn,Wrankling,awranklingew@princeton.edu,Female
538,Nadya,Fidgett,nfidgettex@hexun.com,Female
539,Glyn,Melling,gmellingey@jigsy.com,Male
540,Standford,Nuemann,snuemannez@princeton.edu,Male
541,Ardella,Howie,ahowief0@rambler.ru,Female
542,Inessa,Mohan,imohanf1@mysql.com,Female
543,Dorie,Gauntlett,dgauntlettf2@about.me,Female
544,Adina,Henniger,ahennigerf3@hostgator.com,Female
545,Debbi,Shave,dshavef4@bigcartel.com,Female
546,Gilles,McMearty,gmcmeartyf5@prlog.org,Male
547,Fee,Paffett,fpaffettf6@exblog.jp,Male
548,Hephzibah,Burkinshaw,hburkinshawf7@ted.com,Female
549,Rebecka,Snooks,rsnooksf8@nydailynews.com,Female
550,Lamar,Hylden,lhyldenf9@prlog.org,Male
551,Delila,Sherburn,dsherburnfa@opera.com,Female
552,Cindi,Paulo,cpaulofb@weather.com,Female
553,Tripp,Saffer,tsafferfc@geocities.com,Male
554,Deva,Coulling,dcoullingfd@surveymonkey.com,Female
555,Dorice,Glentz,dglentzfe@dedecms.com,Female
556,Ardith,Chagg,achaggff@sciencedaily.com,Female
557,Ibrahim,Maharey,imahareyfg@icq.com,Male
558,Mignon,Dimberline,mdimberlinefh@rediff.com,Female
559,Jeanelle,Towler,jtowlerfi@weather.com,Female
560,Jaquelyn,Bentsen,jbentsenfj@webmd.com,Female
561,Doyle,Marquez,dmarquezfk@ibm.com,Male
562,Charo,Tupling,ctuplingfl@dropbox.com,Female
563,Silvie,Catterell,scatterellfm@mayoclinic.com,Female
564,Thomasine,Scrigmour,tscrigmourfn@unicef.org,Female
565,Augusto,Godier,agodierfo@wikipedia.org,Male
566,Trudi,Sivyour,tsivyourfp@dedecms.com,Female
567,Brien,Robion,brobionfq@utexas.edu,Male
568,Starr,Thicking,sthickingfr@yellowbook.com,Female
569,Leupold,Kubis,lkubisfs@apache.org,Male
570,Abram,Lambkin,alambkinft@time.com,Male
571,Tobe,Ascraft,tascraftfu@plala.or.jp,Male
572,Fey,Boakes,fboakesfv@globo.com,Female
573,Cristie,Remon,cremonfw@desdev.cn,Female
574,Barth,McClements,bmcclementsfx@phoca.cz,Male
575,Bonita,Dimelow,bdimelowfy@shutterfly.com,Female
576,Jandy,Lough,jloughfz@cornell.edu,Female
577,Ferne,Frostdick,ffrostdickg0@timesonline.co.uk,Female
578,Regen,Dumingos,rdumingosg1@google.nl,Male
579,Antoni,Sonnenschein,asonnenscheing2@dropbox.com,Male
580,Shantee,Petrecz,spetreczg3@archive.org,Female
581,Elianora,Kniveton,eknivetong4@live.com,Female
582,Sayer,Trevers,streversg5@ifeng.com,Male
583,Josias,Hallifax,jhallifaxg6@ustream.tv,Male
584,Sibilla,Deignan,sdeignang7@phoca.cz,Female
585,Anabal,Burford,aburfordg8@businessinsider.com,Female
586,Esme,Michelle,emichelleg9@phpbb.com,Female
587,Alina,Peerless,apeerlessga@europa.eu,Female
588,Alma,Penk,apenkgb@bigcartel.com,Female
589,Lizabeth,Jouhning,ljouhninggc@wordpress.org,Female
590,Gladys,Flieg,gflieggd@google.com.hk,Female
591,Eyde,Bury,eburyge@loc.gov,Female
592,Poul,Lotterington,plotteringtongf@github.io,Male
593,Renato,Turn,rturngg@ezinearticles.com,Male
594,Bernarr,Kagan,bkagangh@squarespace.com,Male
595,Kylie,Christmas,kchristmasgi@cyberchimps.com,Male
596,Nowell,Pagelsen,npagelsengj@smugmug.com,Male
597,Don,Stolz,dstolzgk@stumbleupon.com,Male
598,Elwira,Hollier,eholliergl@omniture.com,Female
599,Simone,Sauvage,ssauvagegm@ow.ly,Female
600,Miles,Hearfield,mhearfieldgn@independent.co.uk,Male
601,Jemima,Foden,jfodengo@aboutads.info,Female
602,Vince,Wenderoth,vwenderothgp@ucoz.com,Male
603,Rosanne,Werndley,rwerndleygq@bing.com,Female
604,Eugenius,Culshaw,eculshawgr@cyberchimps.com,Male
605,Gipsy,Hearthfield,ghearthfieldgs@linkedin.com,Female
606,Chariot,Oxborough,coxboroughgt@mit.edu,Male
607,Gun,Stanistrete,gstanistretegu@t-online.de,Male
608,Chas,Rate,crategv@mysql.com,Male
609,Alameda,Fairbridge,afairbridgegw@cloudflare.com,Female
610,Daune,MacBey,dmacbeygx@forbes.com,Female
611,Evelyn,Demangel,edemangelgy@cyberchimps.com,Male
612,Sayres,Tomlin,stomlingz@google.co.jp,Male
613,Barbie,Botly,bbotlyh0@gmpg.org,Female
614,Marylynne,Thebeaud,mthebeaudh1@baidu.com,Female
615,Oralle,Vanlint,ovanlinth2@rakuten.co.jp,Female
616,Joela,Barbara,jbarbarah3@cnet.com,Female
617,Verne,Bridewell,vbridewellh4@t-online.de,Male
618,Cissiee,Cogman,ccogmanh5@aboutads.info,Female
619,Taber,Wickling,twicklingh6@oracle.com,Male
620,Tull,Scurman,tscurmanh7@usgs.gov,Male
621,Sherrie,Fenna,sfennah8@cnbc.com,Female
622,Silvana,Everiss,severissh9@reference.com,Female
623,Aloysia,Awton,aawtonha@stanford.edu,Female
624,Fonzie,Wanley,fwanleyhb@twitpic.com,Male
625,Chrisse,Creegan,ccreeganhc@com.com,Male
626,Patty,Prestney,pprestneyhd@epa.gov,Female
627,Kynthia,Klaesson,kklaessonhe@cpanel.net,Female
628,Chancey,Medforth,cmedforthhf@thetimes.co.uk,Male
629,Damien,Finan,dfinanhg@ucoz.ru,Male
630,Harrietta,Worral,hworralhh@ucla.edu,Female
631,Beltran,Gaveltone,bgaveltonehi@mit.edu,Male
632,Fransisco,Urridge,furridgehj@uol.com.br,Male
633,Katharyn,Bagott,kbagotthk@amazon.com,Female
634,Yancey,Rapson,yrapsonhl@technorati.com,Male
635,Web,Petruskevich,wpetruskevichhm@webeden.co.uk,Male
636,Cullan,Commucci,ccommuccihn@jigsy.com,Male
637,Chaddie,Farquhar,cfarquharho@samsung.com,Male
638,Timmy,Bagenal,tbagenalhp@amazon.co.uk,Male
639,Cleopatra,Autie,cautiehq@unicef.org,Female
640,Hendrick,Gallelli,hgallellihr@si.edu,Male
641,Suzi,Reuble,sreublehs@tripadvisor.com,Female
642,Ame,Jachtym,ajachtymht@army.mil,Female
643,Josiah,Beininck,jbeininckhu@biglobe.ne.jp,Male
644,Yvette,Frangleton,yfrangletonhv@netlog.com,Female
645,Catlin,Robeiro,crobeirohw@wordpress.com,Female
646,Lammond,Wykey,lwykeyhx@narod.ru,Male
647,Madalena,Garretts,mgarrettshy@mashable.com,Female
648,Nonna,Neale,nnealehz@miibeian.gov.cn,Female
649,Staffard,Armell,sarmelli0@histats.com,Male
650,Julianna,Destouche,jdestouchei1@tamu.edu,Female
651,Elmo,Urian,euriani2@microsoft.com,Male
652,Lanna,Mitchenson,lmitchensoni3@hexun.com,Female
653,Hilarius,Finkle,hfinklei4@netlog.com,Male
654,Starlene,Owens,sowensi5@china.com.cn,Female
655,Issie,Robertucci,irobertuccii6@harvard.edu,Female
656,Thor,Tabert,ttaberti7@wisc.edu,Male
657,Rog,Goby,rgobyi8@nbcnews.com,Male
658,Penrod,Cordle,pcordlei9@ox.ac.uk,Male
659,Gracie,Gatecliff,ggatecliffia@ucoz.com,Female
660,Verge,Saunper,vsaunperib@va.gov,Male
661,Xenia,Bonas,xbonasic@army.mil,Female
662,Jarvis,Kuscha,jkuschaid@printfriendly.com,Male
663,Tyrus,Wiszniewski,twiszniewskiie@google.it,Male
664,Adolph,Ahern,aahernif@example.com,Male
665,Clive,Bockings,cbockingsig@blogger.com,Male
666,Deck,Costock,dcostockih@bloglovin.com,Male
667,Dody,Buckthorpe,dbuckthorpeii@google.com.au,Female
668,Richmound,Huddles,rhuddlesij@youku.com,Male
669,Alis,Christoffe,achristoffeik@statcounter.com,Female
670,Zarla,Tuckwell,ztuckwellil@mlb.com,Female
671,Patricio,Cogin,pcoginim@usgs.gov,Male
672,Darleen,Ducarne,dducarnein@yelp.com,Female
673,Rodina,Drewry,rdrewryio@storify.com,Female
674,Nannie,MacFadden,nmacfaddenip@patch.com,Female
675,Gradeigh,Saunders,gsaundersiq@dedecms.com,Male
676,Martin,Bole,mboleir@samsung.com,Male
677,Natal,Leworthy,nleworthyis@domainmarket.com,Male
678,Cull,Geggie,cgeggieit@diigo.com,Male
679,Salomi,Carine,scarineiu@simplemachines.org,Female
680,Morton,Seery,mseeryiv@theguardian.com,Male
681,Josselyn,Kisby,jkisbyiw@pcworld.com,Female
682,Conrado,Kerner,ckernerix@issuu.com,Male
683,Sydney,Andell,sandelliy@dot.gov,Male
684,Hilton,Peagram,hpeagramiz@unc.edu,Male
685,Joni,Dummett,jdummettj0@sciencedirect.com,Female
686,Nerita,Rubinowitch,nrubinowitchj1@yale.edu,Female
687,Priscilla,Antoniewski,pantoniewskij2@slashdot.org,Female
688,Zak,Edis,zedisj3@fotki.com,Male
689,Eugene,Feetham,efeethamj4@vkontakte.ru,Male
690,Rikki,Shipton,rshiptonj5@elegantthemes.com,Male
691,Vite,Hurt,vhurtj6@google.cn,Male
692,Hermon,O'Regan,horeganj7@liveinternet.ru,Male
693,Durant,Howroyd,dhowroydj8@independent.co.uk,Male
694,Rosanne,Paeckmeyer,rpaeckmeyerj9@pagesperso-orange.fr,Female
695,Freddy,Gaitone,fgaitoneja@163.com,Female
696,Llywellyn,Boatswain,lboatswainjb@yellowpages.com,Male
697,Ave,McGrah,amcgrahjc@biblegateway.com,Male
698,Pietrek,Wooles,pwoolesjd@huffingtonpost.com,Male
699,Perle,Whitebread,pwhitebreadje@blogs.com,Female
700,Helge,Nassy,hnassyjf@howstuffworks.com,Female
701,Maye,Buston,mbustonjg@mediafire.com,Female
702,Vale,Raithby,vraithbyjh@eepurl.com,Male
703,Christalle,Hovy,chovyji@slashdot.org,Female
704,Mylo,Creasey,mcreaseyjj@huffingtonpost.com,Male
705,Irina,Hanretty,ihanrettyjk@exblog.jp,Female
706,Norma,Monteaux,nmonteauxjl@live.com,Female
707,Donaugh,Turney,dturneyjm@hhs.gov,Male
708,Arleen,Posnett,aposnettjn@newsvine.com,Female
709,Clevie,Quirk,cquirkjo@lycos.com,Male
710,Aurelie,Korejs,akorejsjp@google.de,Female
711,Hendrik,Nicholas,hnicholasjq@miitbeian.gov.cn,Male
712,Putnem,Diament,pdiamentjr@cpanel.net,Male
713,Jojo,Dellenbrok,jdellenbrokjs@stumbleupon.com,Female
714,Schuyler,Brannan,sbrannanjt@discovery.com,Male
715,Ravid,Bolver,rbolverju@yolasite.com,Male
716,Lynett,Sanger,lsangerjv@qq.com,Female
717,Clifford,Barwick,cbarwickjw@arizona.edu,Male
718,Caresse,Cockcroft,ccockcroftjx@cnbc.com,Female
719,Adda,De'Vere - Hunt,adeverehuntjy@simplemachines.org,Female
720,Ellsworth,Creggan,ecregganjz@sakura.ne.jp,Male
721,Theodor,Franzewitch,tfranzewitchk0@imageshack.us,Male
722,Marne,Duignan,mduignank1@miitbeian.gov.cn,Female
723,Deidre,Ganderton,dgandertonk2@wordpress.com,Female
724,Lorianna,Mallya,lmallyak3@addtoany.com,Female
725,Jillene,Echalie,jechaliek4@prnewswire.com,Female
726,Alan,Padginton,apadgintonk5@nih.gov,Male
727,Bill,Swetenham,bswetenhamk6@goo.ne.jp,Male
728,Ingrim,Ruane,iruanek7@statcounter.com,Male
729,Ty,Gurley,tgurleyk8@livejournal.com,Male
730,Keelia,Mulvihill,kmulvihillk9@hc360.com,Female
731,Kalina,Mc Andrew,kmcandrewka@vinaora.com,Female
732,Rikki,Madill,rmadillkb@uiuc.edu,Female
733,Jervis,Legen,jlegenkc@joomla.org,Male
734,Maible,Schuler,mschulerkd@weather.com,Female
735,Ruthy,Leadston,rleadstonke@blogger.com,Female
736,Mandel,Lanyon,mlanyonkf@github.com,Male
737,Alleyn,Oels,aoelskg@photobucket.com,Male
738,Lou,Reicherz,lreicherzkh@bbc.co.uk,Female
739,Noll,Brando,nbrandoki@xrea.com,Male
740,Gib,Pendergast,gpendergastkj@opensource.org,Male
741,Evangelin,Nettleship,enettleshipkk@sciencedaily.com,Female
742,Fonz,Charke,fcharkekl@t-online.de,Male
743,Cordey,Gorsse,cgorssekm@topsy.com,Female
744,Maxim,Kepe,mkepekn@1688.com,Male
745,Antonius,Robertazzi,arobertazziko@omniture.com,Male
746,Kristoforo,Dibbs,kdibbskp@wikimedia.org,Male
747,Chanda,Habble,chabblekq@plala.or.jp,Female
748,Bobbee,Legrave,blegravekr@utexas.edu,Female
749,Juana,Hogsden,jhogsdenks@yelp.com,Female
750,Chandler,Toping,ctopingkt@hubpages.com,Male
751,Shaun,Sherwyn,ssherwynku@youtu.be,Male
752,Viola,Dragonette,vdragonettekv@amazonaws.com,Female
753,Aldis,Sambles,asambleskw@squarespace.com,Male
754,Hashim,Bouchard,hbouchardkx@businessweek.com,Male
755,Salomo,Pidgeley,spidgeleyky@uiuc.edu,Male
756,Norby,Hamber,nhamberkz@com.com,Male
757,Amelie,Velez,avelezl0@hubpages.com,Female
758,Pamelina,Abby,pabbyl1@cargocollective.com,Female
759,Nertie,Biasi,nbiasil2@mit.edu,Female
760,Nealson,Lynes,nlynesl3@ihg.com,Male
761,Tobit,Wolstencroft,twolstencroftl4@chronoengine.com,Male
762,Violette,Panas,vpanasl5@tripod.com,Female
763,Gerard,Hucknall,ghucknalll6@kickstarter.com,Male
764,Laura,Tallow,ltallowl7@bloglovin.com,Female
765,Cirstoforo,Mollen,cmollenl8@indiatimes.com,Male
766,Roy,Brimming,rbrimmingl9@toplist.cz,Male
767,Ange,Looks,alooksla@hhs.gov,Male
768,Gabrila,Penn,gpennlb@wikispaces.com,Female
769,Lise,Rodinger,lrodingerlc@army.mil,Female
770,Georgie,Wybrow,gwybrowld@google.ca,Female
771,Ronny,Franzini,rfranzinile@globo.com,Female
772,Alvinia,Siley,asileylf@google.com.br,Female
773,Billye,Kilkenny,bkilkennylg@yelp.com,Female
774,Bern,Skeat,bskeatlh@amazon.com,Male
775,Annemarie,Aleshintsev,aaleshintsevli@wordpress.org,Female
776,Wolf,Dorn,wdornlj@soundcloud.com,Male
777,Karoly,Borkin,kborkinlk@sogou.com,Male
778,Damiano,Stollwerck,dstollwerckll@techcrunch.com,Male
779,Gabrielle,Guerreiro,gguerreirolm@umich.edu,Female
780,Tova,Anthoin,tanthoinln@ftc.gov,Female
781,Juliann,Dicky,jdickylo@berkeley.edu,Female
782,Roobbie,Bruton,rbrutonlp@cdc.gov,Female
783,Stefania,Bedder,sbedderlq@house.gov,Female
784,Madelin,Rhoddie,mrhoddielr@godaddy.com,Female
785,Jeremiah,Heinrich,jheinrichls@homestead.com,Male
786,Lacie,Gethins,lgethinslt@hud.gov,Female
787,Kariotta,Richter,krichterlu@google.com.br,Female
788,Domenic,Sempill,dsempilllv@mail.ru,Male
789,Jenica,Tattershaw,jtattershawlw@scientificamerican.com,Female
790,Ritchie,Drinnan,rdrinnanlx@microsoft.com,Male
791,Waverly,Gaunt,wgauntly@go.com,Male
792,Stan,O'Hannen,sohannenlz@typepad.com,Male
793,Rozalie,Iiannone,riiannonem0@furl.net,Female
794,Kermy,Saing,ksaingm1@telegraph.co.uk,Male
795,Blair,Healings,bhealingsm2@ted.com,Male
796,Winnah,Andreasson,wandreassonm3@go.com,Female
797,Athena,Skirling,askirlingm4@domainmarket.com,Female
798,Teodor,Dils,tdilsm5@slideshare.net,Male
799,Raoul,Lonnon,rlonnonm6@squarespace.com,Male
800,Hi,Wixey,hwixeym7@sina.com.cn,Male
801,Zitella,Rennebach,zrennebachm8@w3.org,Female
802,Charo,Brass,cbrassm9@oakley.com,Female
803,Jannelle,Bodesson,jbodessonma@narod.ru,Female
804,Bethena,Arnald,barnaldmb@imgur.com,Female
805,Maud,Crowden,mcrowdenmc@wikipedia.org,Female
806,Gwennie,Gethings,ggethingsmd@technorati.com,Female
807,Claudette,Gilman,cgilmanme@php.net,Female
808,Gabby,Crudgington,gcrudgingtonmf@upenn.edu,Male
809,Bryon,Skillen,bskillenmg@blogtalkradio.com,Male
810,Brendan,Viggars,bviggarsmh@wp.com,Male
811,Clerkclaude,Anglim,canglimmi@hubpages.com,Male
812,Sapphire,Pendall,spendallmj@qq.com,Female
813,Michelina,MacKay,mmackaymk@devhub.com,Female
814,Carolynn,Chasen,cchasenml@yellowpages.com,Female
815,Jinny,Goodliffe,jgoodliffemm@rambler.ru,Female
816,Sansone,Biswell,sbiswellmn@freewebs.com,Male
817,Tyson,MacDermot,tmacdermotmo@weibo.com,Male
818,Gunilla,Aire,gairemp@sohu.com,Female
819,Bald,Smye,bsmyemq@dmoz.org,Male
820,Dinah,Luebbert,dluebbertmr@oakley.com,Female
821,Suki,Philpotts,sphilpottsms@jalbum.net,Female
822,Corinne,Masham,cmashammt@spotify.com,Female
823,Herrick,Torritti,htorrittimu@last.fm,Male
824,Zedekiah,Cusick,zcusickmv@dailymail.co.uk,Male
825,Antony,Abbots,aabbotsmw@weebly.com,Male
826,Brewer,Skarman,bskarmanmx@com.com,Male
827,Pedro,Haszard,phaszardmy@ebay.com,Male
828,Rae,Platts,rplattsmz@tuttocitta.it,Female
829,Keith,Cloutt,kclouttn0@java.com,Male
830,Inness,Maple,imaplen1@networksolutions.com,Male
831,Vick,Vairow,vvairown2@scribd.com,Male
832,Bertina,FitzAlan,bfitzalann3@google.ru,Female
833,Hale,Bartomieu,hbartomieun4@lycos.com,Male
834,Berkie,Castelow,bcastelown5@umich.edu,Male
835,Thomasina,Lightwing,tlightwingn6@salon.com,Female
836,Doreen,Kellet,dkelletn7@cmu.edu,Female
837,Mattheus,Mation,mmationn8@mtv.com,Male
838,Susann,Corrado,scorradon9@hibu.com,Female
839,Morna,Akerman,makermanna@ehow.com,Female
840,Domingo,Loseke,dlosekenb@hostgator.com,Male
841,Rodney,Carnell,rcarnellnc@cmu.edu,Male
842,Nicko,Passie,npassiend@google.es,Male
843,Olwen,Mattocks,omattocksne@ocn.ne.jp,Female
844,Alain,Ritter,aritternf@shareasale.com,Male
845,Daphne,Shakesby,dshakesbyng@toplist.cz,Female
846,Tory,Billiard,tbilliardnh@vimeo.com,Female
847,Kile,Gareisr,kgareisrni@uol.com.br,Male
848,Darill,Battle,dbattlenj@dropbox.com,Male
849,Lyndsey,MacVay,lmacvaynk@nationalgeographic.com,Female
850,Ludovika,Suddards,lsuddardsnl@taobao.com,Female
851,Budd,Serraillier,bserrailliernm@wix.com,Male
852,Pearla,Igounet,pigounetnn@apache.org,Female
853,Gypsy,Tristram,gtristramno@admin.ch,Female
854,Elfrieda,Daelman,edaelmannp@yale.edu,Female
855,Hercule,Boller,hbollernq@sphinn.com,Male
856,Neddie,Hounsom,nhounsomnr@ovh.net,Male
857,Giacobo,Lambal,glambalns@state.tx.us,Male
858,Essy,Boler,ebolernt@usgs.gov,Female
859,Amandie,Jonke,ajonkenu@icq.com,Female
860,Cyndia,Malpass,cmalpassnv@fema.gov,Female
861,Charmane,Tingcomb,ctingcombnw@usgs.gov,Female
862,Rafael,Brash,rbrashnx@sbwire.com,Male
863,Dalt,Hurrell,dhurrellny@ovh.net,Male
864,Noami,Taylour,ntaylournz@patch.com,Female
865,Saxon,Mathey,smatheyo0@list-manage.com,Male
866,Mathilde,De Giovanni,mdegiovannio1@unicef.org,Female
867,Lulu,Rapp,lrappo2@scribd.com,Female
868,Delmore,Rainsden,drainsdeno3@wordpress.com,Male
869,Barth,Annice,banniceo4@whitehouse.gov,Male
870,Cassius,Sherrock,csherrocko5@mayoclinic.com,Male
871,Erna,Megainey,emegaineyo6@dailymail.co.uk,Female
872,Donica,Tatlow,dtatlowo7@chronoengine.com,Female
873,Lizbeth,Penna,lpennao8@icio.us,Female
874,Lloyd,Burchard,lburchardo9@miibeian.gov.cn,Male
875,Leo,Jurek,ljurekoa@independent.co.uk,Male
876,Tori,Macura,tmacuraob@yandex.ru,Female
877,Gard,Jurasek,gjurasekoc@t.co,Male
878,Rudd,Clayill,rclayillod@squidoo.com,Male
879,Lavinia,Roland,lrolandoe@nhs.uk,Female
880,Joete,Albasini,jalbasiniof@usda.gov,Female
881,Hermia,Elsop,helsopog@mozilla.com,Female
882,Celisse,Savage,csavageoh@drupal.org,Female
883,Janaya,Iredale,jiredaleoi@howstuffworks.com,Female
884,Kin,Thiolier,kthiolieroj@wisc.edu,Male
885,Daniella,Minchi,dminchiok@hugedomains.com,Female
886,Allin,Wynett,awynettol@wordpress.com,Male
887,Alina,Feavyour,afeavyourom@list-manage.com,Female
888,Cash,Siggins,csigginson@ow.ly,Male
889,Celine,Manoelli,cmanoellioo@elpais.com,Female
890,Atlante,Malsher,amalsherop@unc.edu,Female
891,Odell,Smeal,osmealoq@ucoz.com,Male
892,Marie-ann,Polsin,mpolsinor@princeton.edu,Female
893,Nappie,Dunsmuir,ndunsmuiros@craigslist.org,Male
894,Ferrell,Woofendell,fwoofendellot@reference.com,Male
895,Gwennie,Congreave,gcongreaveou@gizmodo.com,Female
896,Irita,Lecount,ilecountov@yelp.com,Female
897,Julissa,Andreopolos,jandreopolosow@istockphoto.com,Female
898,Tyne,Alyoshin,talyoshinox@va.gov,Female
899,Nanny,Cootes,ncootesoy@npr.org,Female
900,Shayne,Ionnisian,sionnisianoz@blogger.com,Female
901,Bradford,Blanchard,bblanchardp0@usda.gov,Male
902,Rudolfo,Patek,rpatekp1@flavors.me,Male
903,Howey,Mollindinia,hmollindiniap2@washingtonpost.com,Male
904,Graig,Pimlett,gpimlettp3@google.com.br,Male
905,Hube,Morfell,hmorfellp4@berkeley.edu,Male
906,Guglielmo,Scawn,gscawnp5@sina.com.cn,Male
907,Bernadette,Akester,bakesterp6@sourceforge.net,Female
908,Vanya,Westphalen,vwestphalenp7@msn.com,Male
909,Finlay,Dri,fdrip8@istockphoto.com,Male
910,Alanna,Magnay,amagnayp9@e-recht24.de,Female
911,Orton,Clutheram,oclutherampa@dell.com,Male
912,Florentia,Spellward,fspellwardpb@hatena.ne.jp,Female
913,Eve,Reddan,ereddanpc@netvibes.com,Female
914,Diandra,De Bischof,ddebischofpd@washingtonpost.com,Female
915,Farand,Richold,fricholdpe@miitbeian.gov.cn,Female
916,Martyn,Clackers,mclackerspf@blogtalkradio.com,Male
917,Arnaldo,McKerton,amckertonpg@tamu.edu,Male
918,Gayle,Putnam,gputnamph@utexas.edu,Female
919,Joshia,Pina,jpinapi@sphinn.com,Male
920,Helen-elizabeth,Stean,hsteanpj@mit.edu,Female
921,Tibold,Esslement,tesslementpk@a8.net,Male
922,Langston,Tivers,ltiverspl@trellian.com,Male
923,Myrlene,Chancellor,mchancellorpm@usgs.gov,Female
924,Nev,Meriton,nmeritonpn@furl.net,Male
925,Sal,Lehmann,slehmannpo@fastcompany.com,Male
926,Nikolas,Fugere,nfugerepp@mediafire.com,Male
927,Cristi,Ralph,cralphpq@fastcompany.com,Female
928,Tasha,Thorrington,tthorringtonpr@printfriendly.com,Female
929,Myrle,Leyton,mleytonps@aol.com,Female
930,Stevy,Bras,sbraspt@amazon.co.uk,Male
931,Shep,Korous,skorouspu@prnewswire.com,Male
932,Claudius,Chamberlayne,cchamberlaynepv@theatlantic.com,Male
933,Dionisio,Menico,dmenicopw@ibm.com,Male
934,Reilly,Tilberry,rtilberrypx@cyberchimps.com,Male
935,Zelig,Delion,zdelionpy@google.pl,Male
936,Yancy,Hasslocher,yhasslocherpz@smugmug.com,Male
937,Laurence,O'Sherin,losherinq0@home.pl,Male
938,Anetta,Kesby,akesbyq1@netlog.com,Female
939,Ermanno,Blasi,eblasiq2@moonfruit.com,Male
940,Rutherford,Woloschinski,rwoloschinskiq3@army.mil,Male
941,Noe,Trudgion,ntrudgionq4@woothemes.com,Male
942,Steward,Grummitt,sgrummittq5@cnet.com,Male
943,Charis,Jadczak,cjadczakq6@washington.edu,Female
944,Alana,de Wilde,adewildeq7@infoseek.co.jp,Female
945,Blake,Busfield,bbusfieldq8@xing.com,Male
946,Friederike,Vitet,fvitetq9@yahoo.co.jp,Female
947,Haslett,Bowller,hbowllerqa@phoca.cz,Male
948,Van,Peregrine,vperegrineqb@cam.ac.uk,Female
949,Winnie,Belvard,wbelvardqc@skyrock.com,Male
950,Jay,Sushams,jsushamsqd@answers.com,Male
951,Brietta,Lindborg,blindborgqe@macromedia.com,Female
952,Laney,Baskerville,lbaskervilleqf@twitter.com,Male
953,Karel,Lelievre,klelievreqg@latimes.com,Male
954,Burtie,Chevins,bchevinsqh@flavors.me,Male
955,Merle,Rodson,mrodsonqi@ed.gov,Male
956,Nathan,Enderwick,nenderwickqj@berkeley.edu,Male
957,Waldemar,Stygall,wstygallqk@wired.com,Male
958,Shayla,Hatchell,shatchellql@cmu.edu,Female
959,Leicester,Seares,lsearesqm@bing.com,Male
960,Allx,Pfertner,apfertnerqn@google.com,Female
961,Cornie,Crewes,ccrewesqo@reuters.com,Male
962,Carlin,Wahlberg,cwahlbergqp@addtoany.com,Male
963,Fleming,Dolbey,fdolbeyqq@senate.gov,Male
964,Stace,Brawn,sbrawnqr@sciencedaily.com,Female
965,Darrin,Lorent,dlorentqs@exblog.jp,Male
966,Whitney,Willavize,wwillavizeqt@dot.gov,Male
967,Mandy,Potes,mpotesqu@phoca.cz,Female
968,Vaclav,Unger,vungerqv@adobe.com,Male
969,Emmalyn,Penchen,epenchenqw@illinois.edu,Female
970,Cecil,Buchanan,cbuchananqx@nsw.gov.au,Male
971,Roselle,Robinet,rrobinetqy@yandex.ru,Female
972,Leeland,Von Der Empten,lvonderemptenqz@storify.com,Male
973,Monro,Cleen,mcleenr0@state.tx.us,Male
974,Ev,Ashall,eashallr1@wisc.edu,Male
975,Yvonne,MacGille,ymacgiller2@typepad.com,Female
976,Billye,Dolligon,bdolligonr3@columbia.edu,Female
977,Cullie,Dubois,cduboisr4@utexas.edu,Male
978,Angelita,Dillingston,adillingstonr5@creativecommons.org,Female
979,Onfroi,Schapiro,oschapiror6@flickr.com,Male
980,Dione,Pattullo,dpattullor7@hibu.com,Female
981,Stoddard,Cartmill,scartmillr8@webeden.co.uk,Female
982,Leo,Randals,lrandalsr9@youku.com,Male
983,Jaye,Lidden,jliddenra@omniture.com,Male
984,Weidar,Baverstock,wbaverstockrb@biblegateway.com,Male
985,Lira,Pitkin,lpitkinrc@wordpress.com,Female
986,Durant,Mattis,dmattisrd@zimbio.com,Male
987,Gwynne,McKeeman,gmckeemanre@columbia.edu,Female
988,Almira,Philpot,aphilpotrf@bloglovin.com,Female
989,Jocelyn,Avent,javentrg@istockphoto.com,Female
990,Sanford,Ormiston,sormistonrh@washington.edu,Male
991,Fanya,Harlick,fharlickri@deliciousdays.com,Female
992,Di,Pepper,dpepperrj@live.com,Female
993,Rolland,Olifaunt,rolifauntrk@admin.ch,Male
994,Federico,Lortzing,flortzingrl@usa.gov,Male
995,Beltran,Egerton,begertonrm@sohu.com,Male
996,Lazarus,Bredgeland,lbredgelandrn@joomla.org,Male
997,Tripp,Ralph,tralphro@si.edu,Male
998,Roxanna,Mapp,rmapprp@t-online.de,Female
999,Cornelius,Hackly,chacklyrq@multiply.com,Male
1000,Anett,Walesby,awalesbyrr@google.fr,Female
